participant_id,age,sex,weight,bmi,waist,fasting_glucose,fasting_insulin,TG,HDL_c,FFA,glucose_30,glucose_60,glucose_90,glucose_120,insulin_30,insulin_60,insulin_90,insulin_120
SAMPLE_001,45,male,78.0,24.1,86,5.1,42,1.10,1.45,0.45,7.8,7.2,6.4,5.9,310,365,290,210
SAMPLE_002,38,female,61.0,22.3,74,4.8,35,0.85,1.72,0.52,7.4,6.6,5.8,5.3,260,300,220,150
SAMPLE_003,58,male,95.0,31.2,108,5.9,95,2.30,0.98,0.71,9.6,10.8,10.1,9.4,520,690,640,610
SAMPLE_004,63,female,88.0,33.0,104,7.6,110,2.80,0.92,0.80,12.4,14.6,14.9,13.8,380,520,560,540
SAMPLE_005,41,female,92.0,34.1,101,5.3,78,1.60,1.20,0.58,8.6,8.1,7.0,6.6,480,610,450,330
SAMPLE_006,52,male,84.0,27.4,96,5.5,60,1.40,1.15,0.55,8.9,,,7.1,420,,,380
SAMPLE_007,29,female,55.0,20.1,68,4.6,24,0.60,1.95,0.38,7.0,6.1,5.5,5.0,240,210,150,95
SAMPLE_008,67,male,90.0,28.9,102,5.8,66,1.90,1.05,0.62,,,,,,,,
SAMPLE_009,55,female,72.0,26.5,88,5.4,48,,,,,,,,,,,
SAMPLE_010,49,male,82.0,25.8,92,5.2,50,1.30,1.25,0.50,8.3,7.9,,6.4,350,410,,260
